Date,isStart,isEnd,Aurora,Bataan,Bulacan,Nueva Ecija,Pampanga,Tarlac,Zambales,Angeles,Olongapo,Batangas,Cavite,Laguna,Rizal,Quezon,Caloocan,Las Pinas,Makati,Malabon,Mandaluyong,Manila,Marikina,Muntinlupa,Navotas,Paranaque,Pasay,Pasig,Pateros,Quezon City,San Juan,Taguig,Valenzuela,Bohol,Cebu,Negros Oriental,Siquijor,Cebu City,Lapu-lapu City,Mandaue City,Davao del Norte,Davao del Sur,Davao Oriental,Davao Occidental,Davao de Oro,Davao City,day_of_week,month,day_of_month,day_of_year,day_name,Aurora Q Code,Bataan Q Code,Bulacan Q Code,Nueva Ecija Q Code,Pampanga Q Code,Tarlac Q Code,Zambales Q Code,Angeles Q Code,Olongapo Q Code,Batangas Q Code,Cavite Q Code,Rizal Q Code,Laguna Q Code,Quezon Q Code,Caloocan Q Code,Las Pinas Q Code,Makati Q Code,Malabon Q Code,Mandaluyong Q Code,Manila Q Code,Marikina Q Code,Muntinlupa Q Code,Navotas Q Code,Paranaque Q Code,Pasay Q Code,Pasig Q Code,Pateros Q Code,Quezon City Q Code,San Juan Q Code,Taguig Q Code,Valenzuela Q Code,Bohol Q Code,Cebu Q Code,Negros Oriental Q Code,Siquijor Q Code,Cebu City Q Code,Lapu-lapu City Q Code,Mandaue City Q Code,Davao de Oro Q Code,Davao del Norte Q Code,Davao del Sur Q Code,Davao Occidental Q Code,Davao Oriental Q Code,Davao City Q Code,mode,mode Q Code,region_iii_mode,region_iii_mode Q Code,region_iva_mode,region_iva_mode Q Code,region_ncr_mode,region_ncr_mode Q Code,region_vii_mode,region_vii_mode Q Code,region_xi_mode,region_xi_mode Q Code
2020-03-17,True,False,ECQ,ECQ,ECQ,ECQ,ECQ,ECQ,ECQ,ECQ,ECQ,ECQ,ECQ,ECQ,ECQ,ECQ,ECQ,ECQ,ECQ,ECQ,ECQ,ECQ,ECQ,ECQ,ECQ,ECQ,ECQ,ECQ,ECQ,ECQ,ECQ,ECQ,ECQ,NONE,NONE,NONE,NONE,NONE,NONE,NONE,NONE,NONE,NONE,NONE,NONE,NONE,1,3,17,77,Tuesday,4,4,4,4,4,4,4,4,4,4,4,4,4,4,4,4,4,4,4,4,4,4,4,4,4,4,4,4,4,4,4,0,0,0,0,0,0,0,0,0,0,0,0,0,ECQ,4,ECQ,4,ECQ,4,ECQ,4,NONE,0,NONE,0
2020-03-18,False,False,ECQ,ECQ,ECQ,ECQ,ECQ,ECQ,ECQ,ECQ,ECQ,ECQ,ECQ,ECQ,ECQ,ECQ,ECQ,ECQ,ECQ,ECQ,ECQ,ECQ,ECQ,ECQ,ECQ,ECQ,ECQ,ECQ,ECQ,ECQ,ECQ,ECQ,ECQ,NONE,NONE,NONE,NONE,NONE,NONE,NONE,NONE,NONE,NONE,NONE,NONE,NONE,2,3,18,78,Wednesday,4,4,4,4,4,4,4,4,4,4,4,4,4,4,4,4,4,4,4,4,4,4,4,4,4,4,4,4,4,4,4,0,0,0,0,0,0,0,0,0,0,0,0,0,ECQ,4,ECQ,4,ECQ,4,ECQ,4,NONE,0,NONE,0
2020-03-19,False,False,ECQ,ECQ,ECQ,ECQ,ECQ,ECQ,ECQ,ECQ,ECQ,ECQ,ECQ,ECQ,ECQ,ECQ,ECQ,ECQ,ECQ,ECQ,ECQ,ECQ,ECQ,ECQ,ECQ,ECQ,ECQ,ECQ,ECQ,ECQ,ECQ,ECQ,ECQ,NONE,NONE,NONE,NONE,NONE,NONE,NONE,NONE,NONE,NONE,NONE,NONE,NONE,3,3,19,79,Thursday,4,4,4,4,4,4,4,4,4,4,4,4,4,4,4,4,4,4,4,4,4,4,4,4,4,4,4,4,4,4,4,0,0,0,0,0,0,0,0,0,0,0,0,0,ECQ,4,ECQ,4,ECQ,4,ECQ,4,NONE,0,NONE,0
2020-03-20,False,False,ECQ,ECQ,ECQ,ECQ,ECQ,ECQ,ECQ,ECQ,ECQ,ECQ,ECQ,ECQ,ECQ,ECQ,ECQ,ECQ,ECQ,ECQ,ECQ,ECQ,ECQ,ECQ,ECQ,ECQ,ECQ,ECQ,ECQ,ECQ,ECQ,ECQ,ECQ,NONE,NONE,NONE,NONE,NONE,NONE,NONE,NONE,NONE,NONE,NONE,NONE,NONE,4,3,20,80,Friday,4,4,4,4,4,4,4,4,4,4,4,4,4,4,4,4,4,4,4,4,4,4,4,4,4,4,4,4,4,4,4,0,0,0,0,0,0,0,0,0,0,0,0,0,ECQ,4,ECQ,4,ECQ,4,ECQ,4,NONE,0,NONE,0
2020-03-21,False,False,ECQ,ECQ,ECQ,ECQ,ECQ,ECQ,ECQ,ECQ,ECQ,ECQ,ECQ,ECQ,ECQ,ECQ,ECQ,ECQ,ECQ,ECQ,ECQ,ECQ,ECQ,ECQ,ECQ,ECQ,ECQ,ECQ,ECQ,ECQ,ECQ,ECQ,ECQ,NONE,NONE,NONE,NONE,NONE,NONE,NONE,NONE,NONE,NONE,NONE,NONE,NONE,5,3,21,81,Saturday,4,4,4,4,4,4,4,4,4,4,4,4,4,4,4,4,4,4,4,4,4,4,4,4,4,4,4,4,4,4,4,0,0,0,0,0,0,0,0,0,0,0,0,0,ECQ,4,ECQ,4,ECQ,4,ECQ,4,NONE,0,NONE,0
2020-03-22,False,False,ECQ,ECQ,ECQ,ECQ,ECQ,ECQ,ECQ,ECQ,ECQ,ECQ,ECQ,ECQ,ECQ,ECQ,ECQ,ECQ,ECQ,ECQ,ECQ,ECQ,ECQ,ECQ,ECQ,ECQ,ECQ,ECQ,ECQ,ECQ,ECQ,ECQ,ECQ,NONE,NONE,NONE,NONE,NONE,NONE,NONE,NONE,NONE,NONE,NONE,NONE,NONE,6,3,22,82,Sunday,4,4,4,4,4,4,4,4,4,4,4,4,4,4,4,4,4,4,4,4,4,4,4,4,4,4,4,4,4,4,4,0,0,0,0,0,0,0,0,0,0,0,0,0,ECQ,4,ECQ,4,ECQ,4,ECQ,4,NONE,0,NONE,0
2020-03-23,False,False,ECQ,ECQ,ECQ,ECQ,ECQ,ECQ,ECQ,ECQ,ECQ,ECQ,ECQ,ECQ,ECQ,ECQ,ECQ,ECQ,ECQ,ECQ,ECQ,ECQ,ECQ,ECQ,ECQ,ECQ,ECQ,ECQ,ECQ,ECQ,ECQ,ECQ,ECQ,NONE,NONE,NONE,NONE,NONE,NONE,NONE,NONE,NONE,NONE,NONE,NONE,NONE,0,3,23,83,Monday,4,4,4,4,4,4,4,4,4,4,4,4,4,4,4,4,4,4,4,4,4,4,4,4,4,4,4,4,4,4,4,0,0,0,0,0,0,0,0,0,0,0,0,0,ECQ,4,ECQ,4,ECQ,4,ECQ,4,NONE,0,NONE,0
2020-03-24,False,False,ECQ,ECQ,ECQ,ECQ,ECQ,ECQ,ECQ,ECQ,ECQ,ECQ,ECQ,ECQ,ECQ,ECQ,ECQ,ECQ,ECQ,ECQ,ECQ,ECQ,ECQ,ECQ,ECQ,ECQ,ECQ,ECQ,ECQ,ECQ,ECQ,ECQ,ECQ,NONE,NONE,NONE,NONE,NONE,NONE,NONE,NONE,NONE,NONE,NONE,NONE,NONE,1,3,24,84,Tuesday,4,4,4,4,4,4,4,4,4,4,4,4,4,4,4,4,4,4,4,4,4,4,4,4,4,4,4,4,4,4,4,0,0,0,0,0,0,0,0,0,0,0,0,0,ECQ,4,ECQ,4,ECQ,4,ECQ,4,NONE,0,NONE,0
2020-03-25,False,False,ECQ,ECQ,ECQ,ECQ,ECQ,ECQ,ECQ,ECQ,ECQ,ECQ,ECQ,ECQ,ECQ,ECQ,ECQ,ECQ,ECQ,ECQ,ECQ,ECQ,ECQ,ECQ,ECQ,ECQ,ECQ,ECQ,ECQ,ECQ,ECQ,ECQ,ECQ,NONE,NONE,NONE,NONE,NONE,NONE,NONE,NONE,NONE,NONE,NONE,NONE,NONE,2,3,25,85,Wednesday,4,4,4,4,4,4,4,4,4,4,4,4,4,4,4,4,4,4,4,4,4,4,4,4,4,4,4,4,4,4,4,0,0,0,0,0,0,0,0,0,0,0,0,0,ECQ,4,ECQ,4,ECQ,4,ECQ,4,NONE,0,NONE,0
2020-03-26,False,False,ECQ,ECQ,ECQ,ECQ,ECQ,ECQ,ECQ,ECQ,ECQ,ECQ,ECQ,ECQ,ECQ,ECQ,ECQ,ECQ,ECQ,ECQ,ECQ,ECQ,ECQ,ECQ,ECQ,ECQ,ECQ,ECQ,ECQ,ECQ,ECQ,ECQ,ECQ,NONE,NONE,NONE,NONE,NONE,NONE,NONE,NONE,NONE,NONE,NONE,NONE,NONE,3,3,26,86,Thursday,4,4,4,4,4,4,4,4,4,4,4,4,4,4,4,4,4,4,4,4,4,4,4,4,4,4,4,4,4,4,4,0,0,0,0,0,0,0,0,0,0,0,0,0,ECQ,4,ECQ,4,ECQ,4,ECQ,4,NONE,0,NONE,0
2020-03-27,False,False,ECQ,ECQ,ECQ,ECQ,ECQ,ECQ,ECQ,ECQ,ECQ,ECQ,ECQ,ECQ,ECQ,ECQ,ECQ,ECQ,ECQ,ECQ,ECQ,ECQ,ECQ,ECQ,ECQ,ECQ,ECQ,ECQ,ECQ,ECQ,ECQ,ECQ,ECQ,NONE,NONE,NONE,NONE,NONE,NONE,NONE,NONE,NONE,NONE,NONE,NONE,NONE,4,3,27,87,Friday,4,4,4,4,4,4,4,4,4,4,4,4,4,4,4,4,4,4,4,4,4,4,4,4,4,4,4,4,4,4,4,0,0,0,0,0,0,0,0,0,0,0,0,0,ECQ,4,ECQ,4,ECQ,4,ECQ,4,NONE,0,NONE,0
2020-03-28,False,False,ECQ,ECQ,ECQ,ECQ,ECQ,ECQ,ECQ,ECQ,ECQ,ECQ,ECQ,ECQ,ECQ,ECQ,ECQ,ECQ,ECQ,ECQ,ECQ,ECQ,ECQ,ECQ,ECQ,ECQ,ECQ,ECQ,ECQ,ECQ,ECQ,ECQ,ECQ,NONE,NONE,NONE,NONE,NONE,NONE,NONE,NONE,NONE,NONE,NONE,NONE,NONE,5,3,28,88,Saturday,4,4,4,4,4,4,4,4,4,4,4,4,4,4,4,4,4,4,4,4,4,4,4,4,4,4,4,4,4,4,4,0,0,0,0,0,0,0,0,0,0,0,0,0,ECQ,4,ECQ,4,ECQ,4,ECQ,4,NONE,0,NONE,0
2020-03-29,False,False,ECQ,ECQ,ECQ,ECQ,ECQ,ECQ,ECQ,ECQ,ECQ,ECQ,ECQ,ECQ,ECQ,ECQ,ECQ,ECQ,ECQ,ECQ,ECQ,ECQ,ECQ,ECQ,ECQ,ECQ,ECQ,ECQ,ECQ,ECQ,ECQ,ECQ,ECQ,NONE,NONE,NONE,NONE,NONE,NONE,NONE,NONE,NONE,NONE,NONE,NONE,NONE,6,3,29,89,Sunday,4,4,4,4,4,4,4,4,4,4,4,4,4,4,4,4,4,4,4,4,4,4,4,4,4,4,4,4,4,4,4,0,0,0,0,0,0,0,0,0,0,0,0,0,ECQ,4,ECQ,4,ECQ,4,ECQ,4,NONE,0,NONE,0
2020-03-30,False,False,ECQ,ECQ,ECQ,ECQ,ECQ,ECQ,ECQ,ECQ,ECQ,ECQ,ECQ,ECQ,ECQ,ECQ,ECQ,ECQ,ECQ,ECQ,ECQ,ECQ,ECQ,ECQ,ECQ,ECQ,ECQ,ECQ,ECQ,ECQ,ECQ,ECQ,ECQ,NONE,NONE,NONE,NONE,NONE,NONE,NONE,NONE,NONE,NONE,NONE,NONE,NONE,0,3,30,90,Monday,4,4,4,4,4,4,4,4,4,4,4,4,4,4,4,4,4,4,4,4,4,4,4,4,4,4,4,4,4,4,4,0,0,0,0,0,0,0,0,0,0,0,0,0,ECQ,4,ECQ,4,ECQ,4,ECQ,4,NONE,0,NONE,0
2020-03-31,False,False,ECQ,ECQ,ECQ,ECQ,ECQ,ECQ,ECQ,ECQ,ECQ,ECQ,ECQ,ECQ,ECQ,ECQ,ECQ,ECQ,ECQ,ECQ,ECQ,ECQ,ECQ,ECQ,ECQ,ECQ,ECQ,ECQ,ECQ,ECQ,ECQ,ECQ,ECQ,NONE,NONE,NONE,NONE,NONE,NONE,NONE,NONE,NONE,NONE,NONE,NONE,NONE,1,3,31,91,Tuesday,4,4,4,4,4,4,4,4,4,4,4,4,4,4,4,4,4,4,4,4,4,4,4,4,4,4,4,4,4,4,4,0,0,0,0,0,0,0,0,0,0,0,0,0,ECQ,4,ECQ,4,ECQ,4,ECQ,4,NONE,0,NONE,0
2020-04-01,False,False,ECQ,ECQ,ECQ,ECQ,ECQ,ECQ,ECQ,ECQ,ECQ,ECQ,ECQ,ECQ,ECQ,ECQ,ECQ,ECQ,ECQ,ECQ,ECQ,ECQ,ECQ,ECQ,ECQ,ECQ,ECQ,ECQ,ECQ,ECQ,ECQ,ECQ,ECQ,NONE,NONE,NONE,NONE,NONE,NONE,NONE,NONE,NONE,NONE,NONE,NONE,NONE,2,4,1,92,Wednesday,4,4,4,4,4,4,4,4,4,4,4,4,4,4,4,4,4,4,4,4,4,4,4,4,4,4,4,4,4,4,4,0,0,0,0,0,0,0,0,0,0,0,0,0,ECQ,4,ECQ,4,ECQ,4,ECQ,4,NONE,0,NONE,0
2020-04-02,False,False,ECQ,ECQ,ECQ,ECQ,ECQ,ECQ,ECQ,ECQ,ECQ,ECQ,ECQ,ECQ,ECQ,ECQ,ECQ,ECQ,ECQ,ECQ,ECQ,ECQ,ECQ,ECQ,ECQ,ECQ,ECQ,ECQ,ECQ,ECQ,ECQ,ECQ,ECQ,NONE,NONE,NONE,NONE,NONE,NONE,NONE,NONE,NONE,NONE,NONE,NONE,NONE,3,4,2,93,Thursday,4,4,4,4,4,4,4,4,4,4,4,4,4,4,4,4,4,4,4,4,4,4,4,4,4,4,4,4,4,4,4,0,0,0,0,0,0,0,0,0,0,0,0,0,ECQ,4,ECQ,4,ECQ,4,ECQ,4,NONE,0,NONE,0
2020-04-03,False,False,ECQ,ECQ,ECQ,ECQ,ECQ,ECQ,ECQ,ECQ,ECQ,ECQ,ECQ,ECQ,ECQ,ECQ,ECQ,ECQ,ECQ,ECQ,ECQ,ECQ,ECQ,ECQ,ECQ,ECQ,ECQ,ECQ,ECQ,ECQ,ECQ,ECQ,ECQ,NONE,NONE,NONE,NONE,NONE,NONE,NONE,NONE,NONE,NONE,NONE,NONE,NONE,4,4,3,94,Friday,4,4,4,4,4,4,4,4,4,4,4,4,4,4,4,4,4,4,4,4,4,4,4,4,4,4,4,4,4,4,4,0,0,0,0,0,0,0,0,0,0,0,0,0,ECQ,4,ECQ,4,ECQ,4,ECQ,4,NONE,0,NONE,0
2020-04-04,False,False,ECQ,ECQ,ECQ,ECQ,ECQ,ECQ,ECQ,ECQ,ECQ,ECQ,ECQ,ECQ,ECQ,ECQ,ECQ,ECQ,ECQ,ECQ,ECQ,ECQ,ECQ,ECQ,ECQ,ECQ,ECQ,ECQ,ECQ,ECQ,ECQ,ECQ,ECQ,NONE,NONE,NONE,NONE,NONE,NONE,NONE,NONE,NONE,NONE,NONE,NONE,NONE,5,4,4,95,Saturday,4,4,4,4,4,4,4,4,4,4,4,4,4,4,4,4,4,4,4,4,4,4,4,4,4,4,4,4,4,4,4,0,0,0,0,0,0,0,0,0,0,0,0,0,ECQ,4,ECQ,4,ECQ,4,ECQ,4,NONE,0,NONE,0
2020-04-05,False,False,ECQ,ECQ,ECQ,ECQ,ECQ,ECQ,ECQ,ECQ,ECQ,ECQ,ECQ,ECQ,ECQ,ECQ,ECQ,ECQ,ECQ,ECQ,ECQ,ECQ,ECQ,ECQ,ECQ,ECQ,ECQ,ECQ,ECQ,ECQ,ECQ,ECQ,ECQ,NONE,NONE,NONE,NONE,NONE,NONE,NONE,NONE,NONE,NONE,NONE,NONE,NONE,6,4,5,96,Sunday,4,4,4,4,4,4,4,4,4,4,4,4,4,4,4,4,4,4,4,4,4,4,4,4,4,4,4,4,4,4,4,0,0,0,0,0,0,0,0,0,0,0,0,0,ECQ,4,ECQ,4,ECQ,4,ECQ,4,NONE,0,NONE,0
2020-04-06,False,False,ECQ,ECQ,ECQ,ECQ,ECQ,ECQ,ECQ,ECQ,ECQ,ECQ,ECQ,ECQ,ECQ,ECQ,ECQ,ECQ,ECQ,ECQ,ECQ,ECQ,ECQ,ECQ,ECQ,ECQ,ECQ,ECQ,ECQ,ECQ,ECQ,ECQ,ECQ,NONE,NONE,NONE,NONE,NONE,NONE,NONE,NONE,NONE,NONE,NONE,NONE,NONE,0,4,6,97,Monday,4,4,4,4,4,4,4,4,4,4,4,4,4,4,4,4,4,4,4,4,4,4,4,4,4,4,4,4,4,4,4,0,0,0,0,0,0,0,0,0,0,0,0,0,ECQ,4,ECQ,4,ECQ,4,ECQ,4,NONE,0,NONE,0
2020-04-07,True,False,ECQ,ECQ,ECQ,ECQ,ECQ,ECQ,ECQ,ECQ,ECQ,ECQ,ECQ,ECQ,ECQ,ECQ,ECQ,ECQ,ECQ,ECQ,ECQ,ECQ,ECQ,ECQ,ECQ,ECQ,ECQ,ECQ,ECQ,ECQ,ECQ,ECQ,ECQ,NONE,NONE,NONE,NONE,NONE,NONE,NONE,NONE,NONE,NONE,NONE,NONE,NONE,1,4,7,98,Tuesday,4,4,4,4,4,4,4,4,4,4,4,4,4,4,4,4,4,4,4,4,4,4,4,4,4,4,4,4,4,4,4,0,0,0,0,0,0,0,0,0,0,0,0,0,ECQ,4,ECQ,4,ECQ,4,ECQ,4,NONE,0,NONE,0
2020-04-08,False,False,ECQ,ECQ,ECQ,ECQ,ECQ,ECQ,ECQ,ECQ,ECQ,ECQ,ECQ,ECQ,ECQ,ECQ,ECQ,ECQ,ECQ,ECQ,ECQ,ECQ,ECQ,ECQ,ECQ,ECQ,ECQ,ECQ,ECQ,ECQ,ECQ,ECQ,ECQ,NONE,NONE,NONE,NONE,NONE,NONE,NONE,NONE,NONE,NONE,NONE,NONE,NONE,2,4,8,99,Wednesday,4,4,4,4,4,4,4,4,4,4,4,4,4,4,4,4,4,4,4,4,4,4,4,4,4,4,4,4,4,4,4,0,0,0,0,0,0,0,0,0,0,0,0,0,ECQ,4,ECQ,4,ECQ,4,ECQ,4,NONE,0,NONE,0
2020-04-09,False,False,ECQ,ECQ,ECQ,ECQ,ECQ,ECQ,ECQ,ECQ,ECQ,ECQ,ECQ,ECQ,ECQ,ECQ,ECQ,ECQ,ECQ,ECQ,ECQ,ECQ,ECQ,ECQ,ECQ,ECQ,ECQ,ECQ,ECQ,ECQ,ECQ,ECQ,ECQ,NONE,NONE,NONE,NONE,NONE,NONE,NONE,NONE,NONE,NONE,NONE,NONE,NONE,3,4,9,100,Thursday,4,4,4,4,4,4,4,4,4,4,4,4,4,4,4,4,4,4,4,4,4,4,4,4,4,4,4,4,4,4,4,0,0,0,0,0,0,0,0,0,0,0,0,0,ECQ,4,ECQ,4,ECQ,4,ECQ,4,NONE,0,NONE,0
2020-04-10,False,False,ECQ,ECQ,ECQ,ECQ,ECQ,ECQ,ECQ,ECQ,ECQ,ECQ,ECQ,ECQ,ECQ,ECQ,ECQ,ECQ,ECQ,ECQ,ECQ,ECQ,ECQ,ECQ,ECQ,ECQ,ECQ,ECQ,ECQ,ECQ,ECQ,ECQ,ECQ,NONE,NONE,NONE,NONE,NONE,NONE,NONE,NONE,NONE,NONE,NONE,NONE,NONE,4,4,10,101,Friday,4,4,4,4,4,4,4,4,4,4,4,4,4,4,4,4,4,4,4,4,4,4,4,4,4,4,4,4,4,4,4,0,0,0,0,0,0,0,0,0,0,0,0,0,ECQ,4,ECQ,4,ECQ,4,ECQ,4,NONE,0,NONE,0
2020-04-11,False,False,ECQ,ECQ,ECQ,ECQ,ECQ,ECQ,ECQ,ECQ,ECQ,ECQ,ECQ,ECQ,ECQ,ECQ,ECQ,ECQ,ECQ,ECQ,ECQ,ECQ,ECQ,ECQ,ECQ,ECQ,ECQ,ECQ,ECQ,ECQ,ECQ,ECQ,ECQ,NONE,NONE,NONE,NONE,NONE,NONE,NONE,NONE,NONE,NONE,NONE,NONE,NONE,5,4,11,102,Saturday,4,4,4,4,4,4,4,4,4,4,4,4,4,4,4,4,4,4,4,4,4,4,4,4,4,4,4,4,4,4,4,0,0,0,0,0,0,0,0,0,0,0,0,0,ECQ,4,ECQ,4,ECQ,4,ECQ,4,NONE,0,NONE,0
2020-04-12,False,False,ECQ,ECQ,ECQ,ECQ,ECQ,ECQ,ECQ,ECQ,ECQ,ECQ,ECQ,ECQ,ECQ,ECQ,ECQ,ECQ,ECQ,ECQ,ECQ,ECQ,ECQ,ECQ,ECQ,ECQ,ECQ,ECQ,ECQ,ECQ,ECQ,ECQ,ECQ,NONE,NONE,NONE,NONE,NONE,NONE,NONE,NONE,NONE,NONE,NONE,NONE,NONE,6,4,12,103,Sunday,4,4,4,4,4,4,4,4,4,4,4,4,4,4,4,4,4,4,4,4,4,4,4,4,4,4,4,4,4,4,4,0,0,0,0,0,0,0,0,0,0,0,0,0,ECQ,4,ECQ,4,ECQ,4,ECQ,4,NONE,0,NONE,0
2020-04-13,False,True,ECQ,ECQ,ECQ,ECQ,ECQ,ECQ,ECQ,ECQ,ECQ,ECQ,ECQ,ECQ,ECQ,ECQ,ECQ,ECQ,ECQ,ECQ,ECQ,ECQ,ECQ,ECQ,ECQ,ECQ,ECQ,ECQ,ECQ,ECQ,ECQ,ECQ,ECQ,NONE,NONE,NONE,NONE,NONE,NONE,NONE,NONE,NONE,NONE,NONE,NONE,NONE,0,4,13,104,Monday,4,4,4,4,4,4,4,4,4,4,4,4,4,4,4,4,4,4,4,4,4,4,4,4,4,4,4,4,4,4,4,0,0,0,0,0,0,0,0,0,0,0,0,0,ECQ,4,ECQ,4,ECQ,4,ECQ,4,NONE,0,NONE,0
2020-04-14,False,False,ECQ,ECQ,ECQ,ECQ,ECQ,ECQ,ECQ,ECQ,ECQ,ECQ,ECQ,ECQ,ECQ,ECQ,ECQ,ECQ,ECQ,ECQ,ECQ,ECQ,ECQ,ECQ,ECQ,ECQ,ECQ,ECQ,ECQ,ECQ,ECQ,ECQ,ECQ,NONE,NONE,NONE,NONE,NONE,NONE,NONE,NONE,NONE,NONE,NONE,NONE,NONE,1,4,14,105,Tuesday,4,4,4,4,4,4,4,4,4,4,4,4,4,4,4,4,4,4,4,4,4,4,4,4,4,4,4,4,4,4,4,0,0,0,0,0,0,0,0,0,0,0,0,0,ECQ,4,ECQ,4,ECQ,4,ECQ,4,NONE,0,NONE,0
2020-04-15,False,False,ECQ,ECQ,ECQ,ECQ,ECQ,ECQ,ECQ,ECQ,ECQ,ECQ,ECQ,ECQ,ECQ,ECQ,ECQ,ECQ,ECQ,ECQ,ECQ,ECQ,ECQ,ECQ,ECQ,ECQ,ECQ,ECQ,ECQ,ECQ,ECQ,ECQ,ECQ,NONE,NONE,NONE,NONE,NONE,NONE,NONE,NONE,NONE,NONE,NONE,NONE,NONE,2,4,15,106,Wednesday,4,4,4,4,4,4,4,4,4,4,4,4,4,4,4,4,4,4,4,4,4,4,4,4,4,4,4,4,4,4,4,0,0,0,0,0,0,0,0,0,0,0,0,0,ECQ,4,ECQ,4,ECQ,4,ECQ,4,NONE,0,NONE,0
2020-04-16,False,False,ECQ,ECQ,ECQ,ECQ,ECQ,ECQ,ECQ,ECQ,ECQ,ECQ,ECQ,ECQ,ECQ,ECQ,ECQ,ECQ,ECQ,ECQ,ECQ,ECQ,ECQ,ECQ,ECQ,ECQ,ECQ,ECQ,ECQ,ECQ,ECQ,ECQ,ECQ,NONE,NONE,NONE,NONE,NONE,NONE,NONE,NONE,NONE,NONE,NONE,NONE,NONE,3,4,16,107,Thursday,4,4,4,4,4,4,4,4,4,4,4,4,4,4,4,4,4,4,4,4,4,4,4,4,4,4,4,4,4,4,4,0,0,0,0,0,0,0,0,0,0,0,0,0,ECQ,4,ECQ,4,ECQ,4,ECQ,4,NONE,0,NONE,0
2020-04-17,False,False,ECQ,ECQ,ECQ,ECQ,ECQ,ECQ,ECQ,ECQ,ECQ,ECQ,ECQ,ECQ,ECQ,ECQ,ECQ,ECQ,ECQ,ECQ,ECQ,ECQ,ECQ,ECQ,ECQ,ECQ,ECQ,ECQ,ECQ,ECQ,ECQ,ECQ,ECQ,NONE,NONE,NONE,NONE,NONE,NONE,NONE,NONE,NONE,NONE,NONE,NONE,NONE,4,4,17,108,Friday,4,4,4,4,4,4,4,4,4,4,4,4,4,4,4,4,4,4,4,4,4,4,4,4,4,4,4,4,4,4,4,0,0,0,0,0,0,0,0,0,0,0,0,0,ECQ,4,ECQ,4,ECQ,4,ECQ,4,NONE,0,NONE,0
2020-04-18,False,False,ECQ,ECQ,ECQ,ECQ,ECQ,ECQ,ECQ,ECQ,ECQ,ECQ,ECQ,ECQ,ECQ,ECQ,ECQ,ECQ,ECQ,ECQ,ECQ,ECQ,ECQ,ECQ,ECQ,ECQ,ECQ,ECQ,ECQ,ECQ,ECQ,ECQ,ECQ,NONE,NONE,NONE,NONE,NONE,NONE,NONE,NONE,NONE,NONE,NONE,NONE,NONE,5,4,18,109,Saturday,4,4,4,4,4,4,4,4,4,4,4,4,4,4,4,4,4,4,4,4,4,4,4,4,4,4,4,4,4,4,4,0,0,0,0,0,0,0,0,0,0,0,0,0,ECQ,4,ECQ,4,ECQ,4,ECQ,4,NONE,0,NONE,0
2020-04-19,False,False,ECQ,ECQ,ECQ,ECQ,ECQ,ECQ,ECQ,ECQ,ECQ,ECQ,ECQ,ECQ,ECQ,ECQ,ECQ,ECQ,ECQ,ECQ,ECQ,ECQ,ECQ,ECQ,ECQ,ECQ,ECQ,ECQ,ECQ,ECQ,ECQ,ECQ,ECQ,NONE,NONE,NONE,NONE,NONE,NONE,NONE,NONE,NONE,NONE,NONE,NONE,NONE,6,4,19,110,Sunday,4,4,4,4,4,4,4,4,4,4,4,4,4,4,4,4,4,4,4,4,4,4,4,4,4,4,4,4,4,4,4,0,0,0,0,0,0,0,0,0,0,0,0,0,ECQ,4,ECQ,4,ECQ,4,ECQ,4,NONE,0,NONE,0
2020-04-20,False,False,ECQ,ECQ,ECQ,ECQ,ECQ,ECQ,ECQ,ECQ,ECQ,ECQ,ECQ,ECQ,ECQ,ECQ,ECQ,ECQ,ECQ,ECQ,ECQ,ECQ,ECQ,ECQ,ECQ,ECQ,ECQ,ECQ,ECQ,ECQ,ECQ,ECQ,ECQ,NONE,NONE,NONE,NONE,NONE,NONE,NONE,NONE,NONE,NONE,NONE,NONE,NONE,0,4,20,111,Monday,4,4,4,4,4,4,4,4,4,4,4,4,4,4,4,4,4,4,4,4,4,4,4,4,4,4,4,4,4,4,4,0,0,0,0,0,0,0,0,0,0,0,0,0,ECQ,4,ECQ,4,ECQ,4,ECQ,4,NONE,0,NONE,0
2020-04-21,False,False,ECQ,ECQ,ECQ,ECQ,ECQ,ECQ,ECQ,ECQ,ECQ,ECQ,ECQ,ECQ,ECQ,ECQ,ECQ,ECQ,ECQ,ECQ,ECQ,ECQ,ECQ,ECQ,ECQ,ECQ,ECQ,ECQ,ECQ,ECQ,ECQ,ECQ,ECQ,NONE,NONE,NONE,NONE,NONE,NONE,NONE,NONE,NONE,NONE,NONE,NONE,NONE,1,4,21,112,Tuesday,4,4,4,4,4,4,4,4,4,4,4,4,4,4,4,4,4,4,4,4,4,4,4,4,4,4,4,4,4,4,4,0,0,0,0,0,0,0,0,0,0,0,0,0,ECQ,4,ECQ,4,ECQ,4,ECQ,4,NONE,0,NONE,0
2020-04-22,False,False,ECQ,ECQ,ECQ,ECQ,ECQ,ECQ,ECQ,ECQ,ECQ,ECQ,ECQ,ECQ,ECQ,ECQ,ECQ,ECQ,ECQ,ECQ,ECQ,ECQ,ECQ,ECQ,ECQ,ECQ,ECQ,ECQ,ECQ,ECQ,ECQ,ECQ,ECQ,NONE,NONE,NONE,NONE,NONE,NONE,NONE,NONE,NONE,NONE,NONE,NONE,NONE,2,4,22,113,Wednesday,4,4,4,4,4,4,4,4,4,4,4,4,4,4,4,4,4,4,4,4,4,4,4,4,4,4,4,4,4,4,4,0,0,0,0,0,0,0,0,0,0,0,0,0,ECQ,4,ECQ,4,ECQ,4,ECQ,4,NONE,0,NONE,0
2020-04-23,False,False,ECQ,ECQ,ECQ,ECQ,ECQ,ECQ,ECQ,ECQ,ECQ,ECQ,ECQ,ECQ,ECQ,ECQ,ECQ,ECQ,ECQ,ECQ,ECQ,ECQ,ECQ,ECQ,ECQ,ECQ,ECQ,ECQ,ECQ,ECQ,ECQ,ECQ,ECQ,NONE,NONE,NONE,NONE,NONE,NONE,NONE,NONE,NONE,NONE,NONE,NONE,NONE,3,4,23,114,Thursday,4,4,4,4,4,4,4,4,4,4,4,4,4,4,4,4,4,4,4,4,4,4,4,4,4,4,4,4,4,4,4,0,0,0,0,0,0,0,0,0,0,0,0,0,ECQ,4,ECQ,4,ECQ,4,ECQ,4,NONE,0,NONE,0
2020-04-24,True,False,GCQ,ECQ,ECQ,ECQ,ECQ,ECQ,ECQ,NONE,NONE,ECQ,ECQ,ECQ,ECQ,ECQ,ECQ,ECQ,ECQ,ECQ,ECQ,ECQ,ECQ,ECQ,ECQ,ECQ,ECQ,ECQ,ECQ,ECQ,ECQ,ECQ,ECQ,GCQ,ECQ,GCQ,GCQ,ECQ,NONE,NONE,ECQ,GCQ,GCQ,GCQ,ECQ,ECQ,4,4,24,115,Friday,2,4,4,4,4,4,4,0,0,4,4,4,4,4,4,4,4,4,4,4,4,4,4,4,4,4,4,4,4,4,4,2,4,2,2,4,0,0,4,4,2,2,2,4,ECQ,4,ECQ,4,ECQ,4,ECQ,4,GCQ,2,ECQ,4
2020-04-25,False,False,GCQ,ECQ,ECQ,ECQ,ECQ,ECQ,ECQ,NONE,NONE,ECQ,ECQ,ECQ,ECQ,ECQ,ECQ,ECQ,ECQ,ECQ,ECQ,ECQ,ECQ,ECQ,ECQ,ECQ,ECQ,ECQ,ECQ,ECQ,ECQ,ECQ,ECQ,GCQ,ECQ,GCQ,GCQ,ECQ,NONE,NONE,ECQ,GCQ,GCQ,GCQ,ECQ,ECQ,5,4,25,116,Saturday,2,4,4,4,4,4,4,0,0,4,4,4,4,4,4,4,4,4,4,4,4,4,4,4,4,4,4,4,4,4,4,2,4,2,2,4,0,0,4,4,2,2,2,4,ECQ,4,ECQ,4,ECQ,4,ECQ,4,GCQ,2,ECQ,4
2020-04-26,False,False,GCQ,ECQ,ECQ,ECQ,ECQ,ECQ,ECQ,NONE,NONE,ECQ,ECQ,ECQ,ECQ,ECQ,ECQ,ECQ,ECQ,ECQ,ECQ,ECQ,ECQ,ECQ,ECQ,ECQ,ECQ,ECQ,ECQ,ECQ,ECQ,ECQ,ECQ,GCQ,ECQ,GCQ,GCQ,ECQ,NONE,NONE,ECQ,GCQ,GCQ,GCQ,ECQ,ECQ,6,4,26,117,Sunday,2,4,4,4,4,4,4,0,0,4,4,4,4,4,4,4,4,4,4,4,4,4,4,4,4,4,4,4,4,4,4,2,4,2,2,4,0,0,4,4,2,2,2,4,ECQ,4,ECQ,4,ECQ,4,ECQ,4,GCQ,2,ECQ,4
2020-04-27,False,False,GCQ,ECQ,ECQ,ECQ,ECQ,ECQ,ECQ,NONE,NONE,ECQ,ECQ,ECQ,ECQ,ECQ,ECQ,ECQ,ECQ,ECQ,ECQ,ECQ,ECQ,ECQ,ECQ,ECQ,ECQ,ECQ,ECQ,ECQ,ECQ,ECQ,ECQ,GCQ,ECQ,GCQ,GCQ,ECQ,NONE,NONE,ECQ,GCQ,GCQ,GCQ,ECQ,ECQ,0,4,27,118,Monday,2,4,4,4,4,4,4,0,0,4,4,4,4,4,4,4,4,4,4,4,4,4,4,4,4,4,4,4,4,4,4,2,4,2,2,4,0,0,4,4,2,2,2,4,ECQ,4,ECQ,4,ECQ,4,ECQ,4,GCQ,2,ECQ,4
2020-04-28,False,False,GCQ,ECQ,ECQ,ECQ,ECQ,ECQ,ECQ,NONE,NONE,ECQ,ECQ,ECQ,ECQ,ECQ,ECQ,ECQ,ECQ,ECQ,ECQ,ECQ,ECQ,ECQ,ECQ,ECQ,ECQ,ECQ,ECQ,ECQ,ECQ,ECQ,ECQ,GCQ,ECQ,GCQ,GCQ,ECQ,NONE,NONE,ECQ,GCQ,GCQ,GCQ,ECQ,ECQ,1,4,28,119,Tuesday,2,4,4,4,4,4,4,0,0,4,4,4,4,4,4,4,4,4,4,4,4,4,4,4,4,4,4,4,4,4,4,2,4,2,2,4,0,0,4,4,2,2,2,4,ECQ,4,ECQ,4,ECQ,4,ECQ,4,GCQ,2,ECQ,4
2020-04-29,False,False,GCQ,ECQ,ECQ,ECQ,ECQ,ECQ,ECQ,NONE,NONE,ECQ,ECQ,ECQ,ECQ,ECQ,ECQ,ECQ,ECQ,ECQ,ECQ,ECQ,ECQ,ECQ,ECQ,ECQ,ECQ,ECQ,ECQ,ECQ,ECQ,ECQ,ECQ,GCQ,ECQ,GCQ,GCQ,ECQ,NONE,NONE,ECQ,GCQ,GCQ,GCQ,ECQ,ECQ,2,4,29,120,Wednesday,2,4,4,4,4,4,4,0,0,4,4,4,4,4,4,4,4,4,4,4,4,4,4,4,4,4,4,4,4,4,4,2,4,2,2,4,0,0,4,4,2,2,2,4,ECQ,4,ECQ,4,ECQ,4,ECQ,4,GCQ,2,ECQ,4
2020-04-30,False,True,GCQ,ECQ,ECQ,ECQ,ECQ,ECQ,ECQ,NONE,NONE,ECQ,ECQ,ECQ,ECQ,ECQ,ECQ,ECQ,ECQ,ECQ,ECQ,ECQ,ECQ,ECQ,ECQ,ECQ,ECQ,ECQ,ECQ,ECQ,ECQ,ECQ,ECQ,GCQ,ECQ,GCQ,GCQ,ECQ,NONE,NONE,ECQ,GCQ,GCQ,GCQ,ECQ,ECQ,3,4,30,121,Thursday,2,4,4,4,4,4,4,0,0,4,4,4,4,4,4,4,4,4,4,4,4,4,4,4,4,4,4,4,4,4,4,2,4,2,2,4,0,0,4,4,2,2,2,4,ECQ,4,ECQ,4,ECQ,4,ECQ,4,GCQ,2,ECQ,4
2020-05-01,False,False,GCQ,ECQ,ECQ,ECQ,ECQ,ECQ,ECQ,NONE,NONE,ECQ,ECQ,ECQ,ECQ,ECQ,ECQ,ECQ,ECQ,ECQ,ECQ,ECQ,ECQ,ECQ,ECQ,ECQ,ECQ,ECQ,ECQ,ECQ,ECQ,ECQ,ECQ,GCQ,ECQ,GCQ,GCQ,ECQ,NONE,NONE,ECQ,GCQ,GCQ,GCQ,ECQ,ECQ,4,5,1,122,Friday,2,4,4,4,4,4,4,0,0,4,4,4,4,4,4,4,4,4,4,4,4,4,4,4,4,4,4,4,4,4,4,2,4,2,2,4,0,0,4,4,2,2,2,4,ECQ,4,ECQ,4,ECQ,4,ECQ,4,GCQ,2,ECQ,4
2020-05-02,False,False,GCQ,ECQ,ECQ,ECQ,ECQ,ECQ,ECQ,NONE,NONE,ECQ,ECQ,ECQ,ECQ,ECQ,ECQ,ECQ,ECQ,ECQ,ECQ,ECQ,ECQ,ECQ,ECQ,ECQ,ECQ,ECQ,ECQ,ECQ,ECQ,ECQ,ECQ,GCQ,ECQ,GCQ,GCQ,ECQ,NONE,NONE,ECQ,GCQ,GCQ,GCQ,ECQ,ECQ,5,5,2,123,Saturday,2,4,4,4,4,4,4,0,0,4,4,4,4,4,4,4,4,4,4,4,4,4,4,4,4,4,4,4,4,4,4,2,4,2,2,4,0,0,4,4,2,2,2,4,ECQ,4,ECQ,4,ECQ,4,ECQ,4,GCQ,2,ECQ,4
2020-05-03,False,False,GCQ,ECQ,ECQ,ECQ,ECQ,ECQ,ECQ,NONE,NONE,ECQ,ECQ,ECQ,ECQ,ECQ,ECQ,ECQ,ECQ,ECQ,ECQ,ECQ,ECQ,ECQ,ECQ,ECQ,ECQ,ECQ,ECQ,ECQ,ECQ,ECQ,ECQ,GCQ,ECQ,GCQ,GCQ,ECQ,NONE,NONE,ECQ,GCQ,GCQ,GCQ,ECQ,ECQ,6,5,3,124,Sunday,2,4,4,4,4,4,4,0,0,4,4,4,4,4,4,4,4,4,4,4,4,4,4,4,4,4,4,4,4,4,4,2,4,2,2,4,0,0,4,4,2,2,2,4,ECQ,4,ECQ,4,ECQ,4,ECQ,4,GCQ,2,ECQ,4
2020-05-04,False,False,GCQ,ECQ,ECQ,ECQ,ECQ,ECQ,ECQ,NONE,NONE,ECQ,ECQ,ECQ,ECQ,ECQ,ECQ,ECQ,ECQ,ECQ,ECQ,ECQ,ECQ,ECQ,ECQ,ECQ,ECQ,ECQ,ECQ,ECQ,ECQ,ECQ,ECQ,GCQ,ECQ,GCQ,GCQ,ECQ,NONE,NONE,ECQ,GCQ,GCQ,GCQ,ECQ,ECQ,0,5,4,125,Monday,2,4,4,4,4,4,4,0,0,4,4,4,4,4,4,4,4,4,4,4,4,4,4,4,4,4,4,4,4,4,4,2,4,2,2,4,0,0,4,4,2,2,2,4,ECQ,4,ECQ,4,ECQ,4,ECQ,4,GCQ,2,ECQ,4
2020-05-05,False,False,GCQ,ECQ,ECQ,ECQ,ECQ,ECQ,ECQ,NONE,NONE,ECQ,ECQ,ECQ,ECQ,ECQ,ECQ,ECQ,ECQ,ECQ,ECQ,ECQ,ECQ,ECQ,ECQ,ECQ,ECQ,ECQ,ECQ,ECQ,ECQ,ECQ,ECQ,GCQ,ECQ,GCQ,GCQ,ECQ,NONE,NONE,ECQ,GCQ,GCQ,GCQ,ECQ,ECQ,1,5,5,126,Tuesday,2,4,4,4,4,4,4,0,0,4,4,4,4,4,4,4,4,4,4,4,4,4,4,4,4,4,4,4,4,4,4,2,4,2,2,4,0,0,4,4,2,2,2,4,ECQ,4,ECQ,4,ECQ,4,ECQ,4,GCQ,2,ECQ,4
2020-05-06,False,False,GCQ,ECQ,ECQ,ECQ,ECQ,ECQ,ECQ,NONE,NONE,ECQ,ECQ,ECQ,ECQ,ECQ,ECQ,ECQ,ECQ,ECQ,ECQ,ECQ,ECQ,ECQ,ECQ,ECQ,ECQ,ECQ,ECQ,ECQ,ECQ,ECQ,ECQ,GCQ,ECQ,GCQ,GCQ,ECQ,NONE,NONE,ECQ,GCQ,GCQ,GCQ,ECQ,ECQ,2,5,6,127,Wednesday,2,4,4,4,4,4,4,0,0,4,4,4,4,4,4,4,4,4,4,4,4,4,4,4,4,4,4,4,4,4,4,2,4,2,2,4,0,0,4,4,2,2,2,4,ECQ,4,ECQ,4,ECQ,4,ECQ,4,GCQ,2,ECQ,4
2020-05-07,False,False,GCQ,ECQ,ECQ,ECQ,ECQ,ECQ,ECQ,NONE,NONE,ECQ,ECQ,ECQ,ECQ,ECQ,ECQ,ECQ,ECQ,ECQ,ECQ,ECQ,ECQ,ECQ,ECQ,ECQ,ECQ,ECQ,ECQ,ECQ,ECQ,ECQ,ECQ,GCQ,ECQ,GCQ,GCQ,ECQ,NONE,NONE,ECQ,GCQ,GCQ,GCQ,ECQ,ECQ,3,5,7,128,Thursday,2,4,4,4,4,4,4,0,0,4,4,4,4,4,4,4,4,4,4,4,4,4,4,4,4,4,4,4,4,4,4,2,4,2,2,4,0,0,4,4,2,2,2,4,ECQ,4,ECQ,4,ECQ,4,ECQ,4,GCQ,2,ECQ,4
2020-05-08,False,False,GCQ,ECQ,ECQ,ECQ,ECQ,ECQ,ECQ,NONE,NONE,ECQ,ECQ,ECQ,ECQ,ECQ,ECQ,ECQ,ECQ,ECQ,ECQ,ECQ,ECQ,ECQ,ECQ,ECQ,ECQ,ECQ,ECQ,ECQ,ECQ,ECQ,ECQ,GCQ,ECQ,GCQ,GCQ,ECQ,NONE,NONE,ECQ,GCQ,GCQ,GCQ,ECQ,ECQ,4,5,8,129,Friday,2,4,4,4,4,4,4,0,0,4,4,4,4,4,4,4,4,4,4,4,4,4,4,4,4,4,4,4,4,4,4,2,4,2,2,4,0,0,4,4,2,2,2,4,ECQ,4,ECQ,4,ECQ,4,ECQ,4,GCQ,2,ECQ,4
2020-05-09,False,False,GCQ,ECQ,ECQ,ECQ,ECQ,ECQ,ECQ,NONE,NONE,ECQ,ECQ,ECQ,ECQ,ECQ,ECQ,ECQ,ECQ,ECQ,ECQ,ECQ,ECQ,ECQ,ECQ,ECQ,ECQ,ECQ,ECQ,ECQ,ECQ,ECQ,ECQ,GCQ,ECQ,GCQ,GCQ,ECQ,NONE,NONE,ECQ,GCQ,GCQ,GCQ,ECQ,ECQ,5,5,9,130,Saturday,2,4,4,4,4,4,4,0,0,4,4,4,4,4,4,4,4,4,4,4,4,4,4,4,4,4,4,4,4,4,4,2,4,2,2,4,0,0,4,4,2,2,2,4,ECQ,4,ECQ,4,ECQ,4,ECQ,4,GCQ,2,ECQ,4
2020-05-10,False,False,GCQ,ECQ,ECQ,ECQ,ECQ,ECQ,ECQ,NONE,NONE,ECQ,ECQ,ECQ,ECQ,ECQ,ECQ,ECQ,ECQ,ECQ,ECQ,ECQ,ECQ,ECQ,ECQ,ECQ,ECQ,ECQ,ECQ,ECQ,ECQ,ECQ,ECQ,GCQ,ECQ,GCQ,GCQ,ECQ,NONE,NONE,ECQ,GCQ,GCQ,GCQ,ECQ,ECQ,6,5,10,131,Sunday,2,4,4,4,4,4,4,0,0,4,4,4,4,4,4,4,4,4,4,4,4,4,4,4,4,4,4,4,4,4,4,2,4,2,2,4,0,0,4,4,2,2,2,4,ECQ,4,ECQ,4,ECQ,4,ECQ,4,GCQ,2,ECQ,4
2020-05-11,False,False,GCQ,ECQ,ECQ,ECQ,ECQ,ECQ,ECQ,NONE,NONE,ECQ,ECQ,ECQ,ECQ,ECQ,ECQ,ECQ,ECQ,ECQ,ECQ,ECQ,ECQ,ECQ,ECQ,ECQ,ECQ,ECQ,ECQ,ECQ,ECQ,ECQ,ECQ,GCQ,ECQ,GCQ,GCQ,ECQ,NONE,NONE,ECQ,GCQ,GCQ,GCQ,ECQ,ECQ,0,5,11,132,Monday,2,4,4,4,4,4,4,0,0,4,4,4,4,4,4,4,4,4,4,4,4,4,4,4,4,4,4,4,4,4,4,2,4,2,2,4,0,0,4,4,2,2,2,4,ECQ,4,ECQ,4,ECQ,4,ECQ,4,GCQ,2,ECQ,4
2020-05-12,False,False,GCQ,ECQ,ECQ,ECQ,ECQ,ECQ,ECQ,NONE,NONE,ECQ,ECQ,ECQ,ECQ,ECQ,ECQ,ECQ,ECQ,ECQ,ECQ,ECQ,ECQ,ECQ,ECQ,ECQ,ECQ,ECQ,ECQ,ECQ,ECQ,ECQ,ECQ,GCQ,ECQ,GCQ,GCQ,ECQ,NONE,NONE,ECQ,GCQ,GCQ,GCQ,ECQ,ECQ,1,5,12,133,Tuesday,2,4,4,4,4,4,4,0,0,4,4,4,4,4,4,4,4,4,4,4,4,4,4,4,4,4,4,4,4,4,4,2,4,2,2,4,0,0,4,4,2,2,2,4,ECQ,4,ECQ,4,ECQ,4,ECQ,4,GCQ,2,ECQ,4
2020-05-13,False,False,GCQ,ECQ,ECQ,ECQ,ECQ,ECQ,ECQ,NONE,NONE,ECQ,ECQ,ECQ,ECQ,ECQ,ECQ,ECQ,ECQ,ECQ,ECQ,ECQ,ECQ,ECQ,ECQ,ECQ,ECQ,ECQ,ECQ,ECQ,ECQ,ECQ,ECQ,GCQ,ECQ,GCQ,GCQ,ECQ,NONE,NONE,ECQ,GCQ,GCQ,GCQ,ECQ,ECQ,2,5,13,134,Wednesday,2,4,4,4,4,4,4,0,0,4,4,4,4,4,4,4,4,4,4,4,4,4,4,4,4,4,4,4,4,4,4,2,4,2,2,4,0,0,4,4,2,2,2,4,ECQ,4,ECQ,4,ECQ,4,ECQ,4,GCQ,2,ECQ,4
2020-05-14,False,False,GCQ,ECQ,ECQ,ECQ,ECQ,ECQ,ECQ,NONE,NONE,ECQ,ECQ,ECQ,ECQ,ECQ,ECQ,ECQ,ECQ,ECQ,ECQ,ECQ,ECQ,ECQ,ECQ,ECQ,ECQ,ECQ,ECQ,ECQ,ECQ,ECQ,ECQ,GCQ,ECQ,GCQ,GCQ,ECQ,NONE,NONE,ECQ,GCQ,GCQ,GCQ,ECQ,ECQ,3,5,14,135,Thursday,2,4,4,4,4,4,4,0,0,4,4,4,4,4,4,4,4,4,4,4,4,4,4,4,4,4,4,4,4,4,4,2,4,2,2,4,0,0,4,4,2,2,2,4,ECQ,4,ECQ,4,ECQ,4,ECQ,4,GCQ,2,ECQ,4
2020-05-15,False,False,GCQ,ECQ,ECQ,ECQ,ECQ,ECQ,ECQ,NONE,NONE,ECQ,ECQ,ECQ,ECQ,ECQ,ECQ,ECQ,ECQ,ECQ,ECQ,ECQ,ECQ,ECQ,ECQ,ECQ,ECQ,ECQ,ECQ,ECQ,ECQ,ECQ,ECQ,GCQ,ECQ,GCQ,GCQ,ECQ,NONE,NONE,ECQ,GCQ,GCQ,GCQ,ECQ,ECQ,4,5,15,136,Friday,2,4,4,4,4,4,4,0,0,4,4,4,4,4,4,4,4,4,4,4,4,4,4,4,4,4,4,4,4,4,4,2,4,2,2,4,0,0,4,4,2,2,2,4,ECQ,4,ECQ,4,ECQ,4,ECQ,4,GCQ,2,ECQ,4
2020-05-16,True,False,NONE,NONE,NONE,NONE,NONE,NONE,NONE,NONE,NONE,GCQ,GCQ,MECQ,GCQ,GCQ,ECQ,ECQ,ECQ,ECQ,ECQ,ECQ,ECQ,ECQ,ECQ,ECQ,ECQ,ECQ,ECQ,ECQ,ECQ,ECQ,ECQ,GCQ,GCQ,GCQ,GCQ,MECQ,GCQ,GCQ,GCQ,GCQ,GCQ,GCQ,GCQ,GCQ,5,5,16,137,Saturday,0,0,0,0,0,0,0,0,0,2,2,2,3,2,4,4,4,4,4,4,4,4,4,4,4,4,4,4,4,4,4,2,2,2,2,3,2,2,2,2,2,2,2,2,ECQ,4,NONE,0,GCQ,2,ECQ,4,GCQ,2,GCQ,2
2020-05-17,False,False,NONE,NONE,NONE,NONE,NONE,NONE,NONE,NONE,NONE,GCQ,GCQ,MECQ,GCQ,GCQ,ECQ,ECQ,ECQ,ECQ,ECQ,ECQ,ECQ,ECQ,ECQ,ECQ,ECQ,ECQ,ECQ,ECQ,ECQ,ECQ,ECQ,GCQ,GCQ,GCQ,GCQ,MECQ,GCQ,GCQ,GCQ,GCQ,GCQ,GCQ,GCQ,GCQ,6,5,17,138,Sunday,0,0,0,0,0,0,0,0,0,2,2,2,3,2,4,4,4,4,4,4,4,4,4,4,4,4,4,4,4,4,4,2,2,2,2,3,2,2,2,2,2,2,2,2,ECQ,4,NONE,0,GCQ,2,ECQ,4,GCQ,2,GCQ,2
2020-05-18,False,False,NONE,NONE,NONE,NONE,NONE,NONE,NONE,NONE,NONE,GCQ,GCQ,MECQ,GCQ,GCQ,ECQ,ECQ,ECQ,ECQ,ECQ,ECQ,ECQ,ECQ,ECQ,ECQ,ECQ,ECQ,ECQ,ECQ,ECQ,ECQ,ECQ,GCQ,GCQ,GCQ,GCQ,MECQ,GCQ,GCQ,GCQ,GCQ,GCQ,GCQ,GCQ,GCQ,0,5,18,139,Monday,0,0,0,0,0,0,0,0,0,2,2,2,3,2,4,4,4,4,4,4,4,4,4,4,4,4,4,4,4,4,4,2,2,2,2,3,2,2,2,2,2,2,2,2,ECQ,4,NONE,0,GCQ,2,ECQ,4,GCQ,2,GCQ,2
2020-05-19,False,False,NONE,NONE,NONE,NONE,NONE,NONE,NONE,NONE,NONE,GCQ,GCQ,MECQ,GCQ,GCQ,ECQ,ECQ,ECQ,ECQ,ECQ,ECQ,ECQ,ECQ,ECQ,ECQ,ECQ,ECQ,ECQ,ECQ,ECQ,ECQ,ECQ,GCQ,GCQ,GCQ,GCQ,MECQ,GCQ,GCQ,GCQ,GCQ,GCQ,GCQ,GCQ,GCQ,1,5,19,140,Tuesday,0,0,0,0,0,0,0,0,0,2,2,2,3,2,4,4,4,4,4,4,4,4,4,4,4,4,4,4,4,4,4,2,2,2,2,3,2,2,2,2,2,2,2,2,ECQ,4,NONE,0,GCQ,2,ECQ,4,GCQ,2,GCQ,2
2020-05-20,False,False,NONE,NONE,NONE,NONE,NONE,NONE,NONE,NONE,NONE,GCQ,GCQ,MECQ,GCQ,GCQ,ECQ,ECQ,ECQ,ECQ,ECQ,ECQ,ECQ,ECQ,ECQ,ECQ,ECQ,ECQ,ECQ,ECQ,ECQ,ECQ,ECQ,GCQ,GCQ,GCQ,GCQ,MECQ,GCQ,GCQ,GCQ,GCQ,GCQ,GCQ,GCQ,GCQ,2,5,20,141,Wednesday,0,0,0,0,0,0,0,0,0,2,2,2,3,2,4,4,4,4,4,4,4,4,4,4,4,4,4,4,4,4,4,2,2,2,2,3,2,2,2,2,2,2,2,2,ECQ,4,NONE,0,GCQ,2,ECQ,4,GCQ,2,GCQ,2
2020-05-21,False,False,NONE,NONE,NONE,NONE,NONE,NONE,NONE,NONE,NONE,GCQ,GCQ,MECQ,GCQ,GCQ,ECQ,ECQ,ECQ,ECQ,ECQ,ECQ,ECQ,ECQ,ECQ,ECQ,ECQ,ECQ,ECQ,ECQ,ECQ,ECQ,ECQ,GCQ,GCQ,GCQ,GCQ,MECQ,GCQ,GCQ,GCQ,GCQ,GCQ,GCQ,GCQ,GCQ,3,5,21,142,Thursday,0,0,0,0,0,0,0,0,0,2,2,2,3,2,4,4,4,4,4,4,4,4,4,4,4,4,4,4,4,4,4,2,2,2,2,3,2,2,2,2,2,2,2,2,ECQ,4,NONE,0,GCQ,2,ECQ,4,GCQ,2,GCQ,2
2020-05-22,False,False,NONE,NONE,NONE,NONE,NONE,NONE,NONE,NONE,NONE,GCQ,GCQ,MECQ,GCQ,GCQ,ECQ,ECQ,ECQ,ECQ,ECQ,ECQ,ECQ,ECQ,ECQ,ECQ,ECQ,ECQ,ECQ,ECQ,ECQ,ECQ,ECQ,GCQ,GCQ,GCQ,GCQ,MECQ,GCQ,GCQ,GCQ,GCQ,GCQ,GCQ,GCQ,GCQ,4,5,22,143,Friday,0,0,0,0,0,0,0,0,0,2,2,2,3,2,4,4,4,4,4,4,4,4,4,4,4,4,4,4,4,4,4,2,2,2,2,3,2,2,2,2,2,2,2,2,ECQ,4,NONE,0,GCQ,2,ECQ,4,GCQ,2,GCQ,2
2020-05-23,False,False,NONE,NONE,NONE,NONE,NONE,NONE,NONE,NONE,NONE,GCQ,GCQ,MECQ,GCQ,GCQ,ECQ,ECQ,ECQ,ECQ,ECQ,ECQ,ECQ,ECQ,ECQ,ECQ,ECQ,ECQ,ECQ,ECQ,ECQ,ECQ,ECQ,GCQ,GCQ,GCQ,GCQ,MECQ,GCQ,GCQ,GCQ,GCQ,GCQ,GCQ,GCQ,GCQ,5,5,23,144,Saturday,0,0,0,0,0,0,0,0,0,2,2,2,3,2,4,4,4,4,4,4,4,4,4,4,4,4,4,4,4,4,4,2,2,2,2,3,2,2,2,2,2,2,2,2,ECQ,4,NONE,0,GCQ,2,ECQ,4,GCQ,2,GCQ,2
2020-05-24,False,False,NONE,NONE,NONE,NONE,NONE,NONE,NONE,NONE,NONE,GCQ,GCQ,MECQ,GCQ,GCQ,ECQ,ECQ,ECQ,ECQ,ECQ,ECQ,ECQ,ECQ,ECQ,ECQ,ECQ,ECQ,ECQ,ECQ,ECQ,ECQ,ECQ,GCQ,GCQ,GCQ,GCQ,MECQ,GCQ,GCQ,GCQ,GCQ,GCQ,GCQ,GCQ,GCQ,6,5,24,145,Sunday,0,0,0,0,0,0,0,0,0,2,2,2,3,2,4,4,4,4,4,4,4,4,4,4,4,4,4,4,4,4,4,2,2,2,2,3,2,2,2,2,2,2,2,2,ECQ,4,NONE,0,GCQ,2,ECQ,4,GCQ,2,GCQ,2
2020-05-25,False,False,NONE,NONE,NONE,NONE,NONE,NONE,NONE,NONE,NONE,GCQ,GCQ,MECQ,GCQ,GCQ,ECQ,ECQ,ECQ,ECQ,ECQ,ECQ,ECQ,ECQ,ECQ,ECQ,ECQ,ECQ,ECQ,ECQ,ECQ,ECQ,ECQ,GCQ,GCQ,GCQ,GCQ,MECQ,GCQ,GCQ,GCQ,GCQ,GCQ,GCQ,GCQ,GCQ,0,5,25,146,Monday,0,0,0,0,0,0,0,0,0,2,2,2,3,2,4,4,4,4,4,4,4,4,4,4,4,4,4,4,4,4,4,2,2,2,2,3,2,2,2,2,2,2,2,2,ECQ,4,NONE,0,GCQ,2,ECQ,4,GCQ,2,GCQ,2
2020-05-26,False,False,NONE,NONE,NONE,NONE,NONE,NONE,NONE,NONE,NONE,GCQ,GCQ,MECQ,GCQ,GCQ,ECQ,ECQ,ECQ,ECQ,ECQ,ECQ,ECQ,ECQ,ECQ,ECQ,ECQ,ECQ,ECQ,ECQ,ECQ,ECQ,ECQ,GCQ,GCQ,GCQ,GCQ,MECQ,GCQ,GCQ,GCQ,GCQ,GCQ,GCQ,GCQ,GCQ,1,5,26,147,Tuesday,0,0,0,0,0,0,0,0,0,2,2,2,3,2,4,4,4,4,4,4,4,4,4,4,4,4,4,4,4,4,4,2,2,2,2,3,2,2,2,2,2,2,2,2,ECQ,4,NONE,0,GCQ,2,ECQ,4,GCQ,2,GCQ,2
2020-05-27,False,False,NONE,NONE,NONE,NONE,NONE,NONE,NONE,NONE,NONE,GCQ,GCQ,MECQ,GCQ,GCQ,ECQ,ECQ,ECQ,ECQ,ECQ,ECQ,ECQ,ECQ,ECQ,ECQ,ECQ,ECQ,ECQ,ECQ,ECQ,ECQ,ECQ,GCQ,GCQ,GCQ,GCQ,MECQ,GCQ,GCQ,GCQ,GCQ,GCQ,GCQ,GCQ,GCQ,2,5,27,148,Wednesday,0,0,0,0,0,0,0,0,0,2,2,2,3,2,4,4,4,4,4,4,4,4,4,4,4,4,4,4,4,4,4,2,2,2,2,3,2,2,2,2,2,2,2,2,ECQ,4,NONE,0,GCQ,2,ECQ,4,GCQ,2,GCQ,2
2020-05-28,False,False,NONE,NONE,NONE,NONE,NONE,NONE,NONE,NONE,NONE,GCQ,GCQ,MECQ,GCQ,GCQ,ECQ,ECQ,ECQ,ECQ,ECQ,ECQ,ECQ,ECQ,ECQ,ECQ,ECQ,ECQ,ECQ,ECQ,ECQ,ECQ,ECQ,GCQ,GCQ,GCQ,GCQ,MECQ,GCQ,GCQ,GCQ,GCQ,GCQ,GCQ,GCQ,GCQ,3,5,28,149,Thursday,0,0,0,0,0,0,0,0,0,2,2,2,3,2,4,4,4,4,4,4,4,4,4,4,4,4,4,4,4,4,4,2,2,2,2,3,2,2,2,2,2,2,2,2,ECQ,4,NONE,0,GCQ,2,ECQ,4,GCQ,2,GCQ,2
2020-05-29,False,False,NONE,NONE,NONE,NONE,NONE,NONE,NONE,NONE,NONE,GCQ,GCQ,MECQ,GCQ,GCQ,ECQ,ECQ,ECQ,ECQ,ECQ,ECQ,ECQ,ECQ,ECQ,ECQ,ECQ,ECQ,ECQ,ECQ,ECQ,ECQ,ECQ,GCQ,GCQ,GCQ,GCQ,MECQ,GCQ,GCQ,GCQ,GCQ,GCQ,GCQ,GCQ,GCQ,4,5,29,150,Friday,0,0,0,0,0,0,0,0,0,2,2,2,3,2,4,4,4,4,4,4,4,4,4,4,4,4,4,4,4,4,4,2,2,2,2,3,2,2,2,2,2,2,2,2,ECQ,4,NONE,0,GCQ,2,ECQ,4,GCQ,2,GCQ,2
2020-05-30,False,False,NONE,NONE,NONE,NONE,NONE,NONE,NONE,NONE,NONE,GCQ,GCQ,MECQ,GCQ,GCQ,ECQ,ECQ,ECQ,ECQ,ECQ,ECQ,ECQ,ECQ,ECQ,ECQ,ECQ,ECQ,ECQ,ECQ,ECQ,ECQ,ECQ,GCQ,GCQ,GCQ,GCQ,MECQ,GCQ,GCQ,GCQ,GCQ,GCQ,GCQ,GCQ,GCQ,5,5,30,151,Saturday,0,0,0,0,0,0,0,0,0,2,2,2,3,2,4,4,4,4,4,4,4,4,4,4,4,4,4,4,4,4,4,2,2,2,2,3,2,2,2,2,2,2,2,2,ECQ,4,NONE,0,GCQ,2,ECQ,4,GCQ,2,GCQ,2
2020-05-31,False,True,NONE,NONE,NONE,NONE,NONE,NONE,NONE,NONE,NONE,GCQ,GCQ,MECQ,GCQ,GCQ,ECQ,ECQ,ECQ,ECQ,ECQ,ECQ,ECQ,ECQ,ECQ,ECQ,ECQ,ECQ,ECQ,ECQ,ECQ,ECQ,ECQ,GCQ,GCQ,GCQ,GCQ,MECQ,GCQ,GCQ,GCQ,GCQ,GCQ,GCQ,GCQ,GCQ,6,5,31,152,Sunday,0,0,0,0,0,0,0,0,0,2,2,2,3,2,4,4,4,4,4,4,4,4,4,4,4,4,4,4,4,4,4,2,2,2,2,3,2,2,2,2,2,2,2,2,ECQ,4,NONE,0,GCQ,2,ECQ,4,GCQ,2,GCQ,2
2020-06-01,True,False,GCQ,GCQ,GCQ,GCQ,GCQ,GCQ,GCQ,GCQ,GCQ,GCQ,GCQ,GCQ,GCQ,GCQ,GCQ,GCQ,GCQ,GCQ,GCQ,GCQ,GCQ,GCQ,GCQ,GCQ,GCQ,GCQ,GCQ,GCQ,GCQ,GCQ,GCQ,GCQ,GCQ,GCQ,GCQ,GCQ,GCQ,GCQ,MGCQ,MGCQ,MGCQ,MGCQ,MGCQ,GCQ,0,6,1,153,Monday,2,2,2,2,2,2,2,2,2,2,2,2,2,2,2,2,2,2,2,2,2,2,2,2,2,2,2,2,2,2,2,2,2,2,2,2,2,2,1,1,1,1,1,2,GCQ,2,GCQ,2,GCQ,2,GCQ,2,GCQ,2,MGCQ,1
2020-06-02,False,False,GCQ,GCQ,GCQ,GCQ,GCQ,GCQ,GCQ,GCQ,GCQ,GCQ,GCQ,GCQ,GCQ,GCQ,GCQ,GCQ,GCQ,GCQ,GCQ,GCQ,GCQ,GCQ,GCQ,GCQ,GCQ,GCQ,GCQ,GCQ,GCQ,GCQ,GCQ,GCQ,GCQ,GCQ,GCQ,GCQ,GCQ,GCQ,MGCQ,MGCQ,MGCQ,MGCQ,MGCQ,GCQ,1,6,2,154,Tuesday,2,2,2,2,2,2,2,2,2,2,2,2,2,2,2,2,2,2,2,2,2,2,2,2,2,2,2,2,2,2,2,2,2,2,2,2,2,2,1,1,1,1,1,2,GCQ,2,GCQ,2,GCQ,2,GCQ,2,GCQ,2,MGCQ,1
2020-06-03,False,False,GCQ,GCQ,GCQ,GCQ,GCQ,GCQ,GCQ,GCQ,GCQ,GCQ,GCQ,GCQ,GCQ,GCQ,GCQ,GCQ,GCQ,GCQ,GCQ,GCQ,GCQ,GCQ,GCQ,GCQ,GCQ,GCQ,GCQ,GCQ,GCQ,GCQ,GCQ,GCQ,GCQ,GCQ,GCQ,GCQ,GCQ,GCQ,MGCQ,MGCQ,MGCQ,MGCQ,MGCQ,GCQ,2,6,3,155,Wednesday,2,2,2,2,2,2,2,2,2,2,2,2,2,2,2,2,2,2,2,2,2,2,2,2,2,2,2,2,2,2,2,2,2,2,2,2,2,2,1,1,1,1,1,2,GCQ,2,GCQ,2,GCQ,2,GCQ,2,GCQ,2,MGCQ,1
2020-06-04,False,False,GCQ,GCQ,GCQ,GCQ,GCQ,GCQ,GCQ,GCQ,GCQ,GCQ,GCQ,GCQ,GCQ,GCQ,GCQ,GCQ,GCQ,GCQ,GCQ,GCQ,GCQ,GCQ,GCQ,GCQ,GCQ,GCQ,GCQ,GCQ,GCQ,GCQ,GCQ,GCQ,GCQ,GCQ,GCQ,GCQ,GCQ,GCQ,MGCQ,MGCQ,MGCQ,MGCQ,MGCQ,GCQ,3,6,4,156,Thursday,2,2,2,2,2,2,2,2,2,2,2,2,2,2,2,2,2,2,2,2,2,2,2,2,2,2,2,2,2,2,2,2,2,2,2,2,2,2,1,1,1,1,1,2,GCQ,2,GCQ,2,GCQ,2,GCQ,2,GCQ,2,MGCQ,1
2020-06-05,False,False,GCQ,GCQ,GCQ,GCQ,GCQ,GCQ,GCQ,GCQ,GCQ,GCQ,GCQ,GCQ,GCQ,GCQ,GCQ,GCQ,GCQ,GCQ,GCQ,GCQ,GCQ,GCQ,GCQ,GCQ,GCQ,GCQ,GCQ,GCQ,GCQ,GCQ,GCQ,GCQ,GCQ,GCQ,GCQ,GCQ,GCQ,GCQ,MGCQ,MGCQ,MGCQ,MGCQ,MGCQ,GCQ,4,6,5,157,Friday,2,2,2,2,2,2,2,2,2,2,2,2,2,2,2,2,2,2,2,2,2,2,2,2,2,2,2,2,2,2,2,2,2,2,2,2,2,2,1,1,1,1,1,2,GCQ,2,GCQ,2,GCQ,2,GCQ,2,GCQ,2,MGCQ,1
2020-06-06,False,False,GCQ,GCQ,GCQ,GCQ,GCQ,GCQ,GCQ,GCQ,GCQ,GCQ,GCQ,GCQ,GCQ,GCQ,GCQ,GCQ,GCQ,GCQ,GCQ,GCQ,GCQ,GCQ,GCQ,GCQ,GCQ,GCQ,GCQ,GCQ,GCQ,GCQ,GCQ,GCQ,GCQ,GCQ,GCQ,GCQ,GCQ,GCQ,MGCQ,MGCQ,MGCQ,MGCQ,MGCQ,GCQ,5,6,6,158,Saturday,2,2,2,2,2,2,2,2,2,2,2,2,2,2,2,2,2,2,2,2,2,2,2,2,2,2,2,2,2,2,2,2,2,2,2,2,2,2,1,1,1,1,1,2,GCQ,2,GCQ,2,GCQ,2,GCQ,2,GCQ,2,MGCQ,1
2020-06-07,False,False,GCQ,GCQ,GCQ,GCQ,GCQ,GCQ,GCQ,GCQ,GCQ,GCQ,GCQ,GCQ,GCQ,GCQ,GCQ,GCQ,GCQ,GCQ,GCQ,GCQ,GCQ,GCQ,GCQ,GCQ,GCQ,GCQ,GCQ,GCQ,GCQ,GCQ,GCQ,GCQ,GCQ,GCQ,GCQ,GCQ,GCQ,GCQ,MGCQ,MGCQ,MGCQ,MGCQ,MGCQ,GCQ,6,6,7,159,Sunday,2,2,2,2,2,2,2,2,2,2,2,2,2,2,2,2,2,2,2,2,2,2,2,2,2,2,2,2,2,2,2,2,2,2,2,2,2,2,1,1,1,1,1,2,GCQ,2,GCQ,2,GCQ,2,GCQ,2,GCQ,2,MGCQ,1
2020-06-08,False,False,GCQ,GCQ,GCQ,GCQ,GCQ,GCQ,GCQ,GCQ,GCQ,GCQ,GCQ,GCQ,GCQ,GCQ,GCQ,GCQ,GCQ,GCQ,GCQ,GCQ,GCQ,GCQ,GCQ,GCQ,GCQ,GCQ,GCQ,GCQ,GCQ,GCQ,GCQ,GCQ,GCQ,GCQ,GCQ,GCQ,GCQ,GCQ,MGCQ,MGCQ,MGCQ,MGCQ,MGCQ,GCQ,0,6,8,160,Monday,2,2,2,2,2,2,2,2,2,2,2,2,2,2,2,2,2,2,2,2,2,2,2,2,2,2,2,2,2,2,2,2,2,2,2,2,2,2,1,1,1,1,1,2,GCQ,2,GCQ,2,GCQ,2,GCQ,2,GCQ,2,MGCQ,1
2020-06-09,False,False,GCQ,GCQ,GCQ,GCQ,GCQ,GCQ,GCQ,GCQ,GCQ,GCQ,GCQ,GCQ,GCQ,GCQ,GCQ,GCQ,GCQ,GCQ,GCQ,GCQ,GCQ,GCQ,GCQ,GCQ,GCQ,GCQ,GCQ,GCQ,GCQ,GCQ,GCQ,GCQ,GCQ,GCQ,GCQ,GCQ,GCQ,GCQ,MGCQ,MGCQ,MGCQ,MGCQ,MGCQ,GCQ,1,6,9,161,Tuesday,2,2,2,2,2,2,2,2,2,2,2,2,2,2,2,2,2,2,2,2,2,2,2,2,2,2,2,2,2,2,2,2,2,2,2,2,2,2,1,1,1,1,1,2,GCQ,2,GCQ,2,GCQ,2,GCQ,2,GCQ,2,MGCQ,1
2020-06-10,False,False,GCQ,GCQ,GCQ,GCQ,GCQ,GCQ,GCQ,GCQ,GCQ,GCQ,GCQ,GCQ,GCQ,GCQ,GCQ,GCQ,GCQ,GCQ,GCQ,GCQ,GCQ,GCQ,GCQ,GCQ,GCQ,GCQ,GCQ,GCQ,GCQ,GCQ,GCQ,GCQ,GCQ,GCQ,GCQ,GCQ,GCQ,GCQ,MGCQ,MGCQ,MGCQ,MGCQ,MGCQ,GCQ,2,6,10,162,Wednesday,2,2,2,2,2,2,2,2,2,2,2,2,2,2,2,2,2,2,2,2,2,2,2,2,2,2,2,2,2,2,2,2,2,2,2,2,2,2,1,1,1,1,1,2,GCQ,2,GCQ,2,GCQ,2,GCQ,2,GCQ,2,MGCQ,1
2020-06-11,False,False,GCQ,GCQ,GCQ,GCQ,GCQ,GCQ,GCQ,GCQ,GCQ,GCQ,GCQ,GCQ,GCQ,GCQ,GCQ,GCQ,GCQ,GCQ,GCQ,GCQ,GCQ,GCQ,GCQ,GCQ,GCQ,GCQ,GCQ,GCQ,GCQ,GCQ,GCQ,GCQ,GCQ,GCQ,GCQ,GCQ,GCQ,GCQ,MGCQ,MGCQ,MGCQ,MGCQ,MGCQ,GCQ,3,6,11,163,Thursday,2,2,2,2,2,2,2,2,2,2,2,2,2,2,2,2,2,2,2,2,2,2,2,2,2,2,2,2,2,2,2,2,2,2,2,2,2,2,1,1,1,1,1,2,GCQ,2,GCQ,2,GCQ,2,GCQ,2,GCQ,2,MGCQ,1
2020-06-12,False,False,GCQ,GCQ,GCQ,GCQ,GCQ,GCQ,GCQ,GCQ,GCQ,GCQ,GCQ,GCQ,GCQ,GCQ,GCQ,GCQ,GCQ,GCQ,GCQ,GCQ,GCQ,GCQ,GCQ,GCQ,GCQ,GCQ,GCQ,GCQ,GCQ,GCQ,GCQ,GCQ,GCQ,GCQ,GCQ,GCQ,GCQ,GCQ,MGCQ,MGCQ,MGCQ,MGCQ,MGCQ,GCQ,4,6,12,164,Friday,2,2,2,2,2,2,2,2,2,2,2,2,2,2,2,2,2,2,2,2,2,2,2,2,2,2,2,2,2,2,2,2,2,2,2,2,2,2,1,1,1,1,1,2,GCQ,2,GCQ,2,GCQ,2,GCQ,2,GCQ,2,MGCQ,1
2020-06-13,False,False,GCQ,GCQ,GCQ,GCQ,GCQ,GCQ,GCQ,GCQ,GCQ,GCQ,GCQ,GCQ,GCQ,GCQ,GCQ,GCQ,GCQ,GCQ,GCQ,GCQ,GCQ,GCQ,GCQ,GCQ,GCQ,GCQ,GCQ,GCQ,GCQ,GCQ,GCQ,GCQ,GCQ,GCQ,GCQ,GCQ,GCQ,GCQ,MGCQ,MGCQ,MGCQ,MGCQ,MGCQ,GCQ,5,6,13,165,Saturday,2,2,2,2,2,2,2,2,2,2,2,2,2,2,2,2,2,2,2,2,2,2,2,2,2,2,2,2,2,2,2,2,2,2,2,2,2,2,1,1,1,1,1,2,GCQ,2,GCQ,2,GCQ,2,GCQ,2,GCQ,2,MGCQ,1
2020-06-14,False,False,GCQ,GCQ,GCQ,GCQ,GCQ,GCQ,GCQ,GCQ,GCQ,GCQ,GCQ,GCQ,GCQ,GCQ,GCQ,GCQ,GCQ,GCQ,GCQ,GCQ,GCQ,GCQ,GCQ,GCQ,GCQ,GCQ,GCQ,GCQ,GCQ,GCQ,GCQ,GCQ,GCQ,GCQ,GCQ,GCQ,GCQ,GCQ,MGCQ,MGCQ,MGCQ,MGCQ,MGCQ,GCQ,6,6,14,166,Sunday,2,2,2,2,2,2,2,2,2,2,2,2,2,2,2,2,2,2,2,2,2,2,2,2,2,2,2,2,2,2,2,2,2,2,2,2,2,2,1,1,1,1,1,2,GCQ,2,GCQ,2,GCQ,2,GCQ,2,GCQ,2,MGCQ,1
2020-06-15,False,True,GCQ,GCQ,GCQ,GCQ,GCQ,GCQ,GCQ,GCQ,GCQ,GCQ,GCQ,GCQ,GCQ,GCQ,GCQ,GCQ,GCQ,GCQ,GCQ,GCQ,GCQ,GCQ,GCQ,GCQ,GCQ,GCQ,GCQ,GCQ,GCQ,GCQ,GCQ,GCQ,GCQ,GCQ,GCQ,GCQ,GCQ,GCQ,MGCQ,MGCQ,MGCQ,MGCQ,MGCQ,GCQ,0,6,15,167,Monday,2,2,2,2,2,2,2,2,2,2,2,2,2,2,2,2,2,2,2,2,2,2,2,2,2,2,2,2,2,2,2,2,2,2,2,2,2,2,1,1,1,1,1,2,GCQ,2,GCQ,2,GCQ,2,GCQ,2,GCQ,2,MGCQ,1
2020-06-16,True,False,GCQ,GCQ,GCQ,MGCQ,MGCQ,GCQ,MGCQ,MGCQ,GCQ,GCQ,GCQ,GCQ,GCQ,GCQ,GCQ,GCQ,GCQ,GCQ,GCQ,GCQ,GCQ,GCQ,GCQ,GCQ,GCQ,GCQ,GCQ,GCQ,GCQ,GCQ,GCQ,GCQ,GCQ,GCQ,GCQ,ECQ,GCQ,GCQ,MGCQ,MGCQ,MGCQ,MGCQ,MGCQ,GCQ,1,6,16,168,Tuesday,2,2,2,1,1,2,1,1,2,2,2,2,2,2,2,2,2,2,2,2,2,2,2,2,2,2,2,2,2,2,2,2,2,2,2,4,2,2,1,1,1,1,1,2,GCQ,2,GCQ,2,GCQ,2,GCQ,2,GCQ,2,MGCQ,1
2020-06-17,False,False,GCQ,GCQ,GCQ,MGCQ,MGCQ,GCQ,MGCQ,MGCQ,GCQ,GCQ,GCQ,GCQ,GCQ,GCQ,GCQ,GCQ,GCQ,GCQ,GCQ,GCQ,GCQ,GCQ,GCQ,GCQ,GCQ,GCQ,GCQ,GCQ,GCQ,GCQ,GCQ,GCQ,GCQ,GCQ,GCQ,ECQ,GCQ,GCQ,MGCQ,MGCQ,MGCQ,MGCQ,MGCQ,GCQ,2,6,17,169,Wednesday,2,2,2,1,1,2,1,1,2,2,2,2,2,2,2,2,2,2,2,2,2,2,2,2,2,2,2,2,2,2,2,2,2,2,2,4,2,2,1,1,1,1,1,2,GCQ,2,GCQ,2,GCQ,2,GCQ,2,GCQ,2,MGCQ,1
2020-06-18,False,False,GCQ,GCQ,GCQ,MGCQ,MGCQ,GCQ,MGCQ,MGCQ,GCQ,GCQ,GCQ,GCQ,GCQ,GCQ,GCQ,GCQ,GCQ,GCQ,GCQ,GCQ,GCQ,GCQ,GCQ,GCQ,GCQ,GCQ,GCQ,GCQ,GCQ,GCQ,GCQ,GCQ,GCQ,GCQ,GCQ,ECQ,GCQ,GCQ,MGCQ,MGCQ,MGCQ,MGCQ,MGCQ,GCQ,3,6,18,170,Thursday,2,2,2,1,1,2,1,1,2,2,2,2,2,2,2,2,2,2,2,2,2,2,2,2,2,2,2,2,2,2,2,2,2,2,2,4,2,2,1,1,1,1,1,2,GCQ,2,GCQ,2,GCQ,2,GCQ,2,GCQ,2,MGCQ,1
2020-06-19,False,False,GCQ,GCQ,GCQ,MGCQ,MGCQ,GCQ,MGCQ,MGCQ,GCQ,GCQ,GCQ,GCQ,GCQ,GCQ,GCQ,GCQ,GCQ,GCQ,GCQ,GCQ,GCQ,GCQ,GCQ,GCQ,GCQ,GCQ,GCQ,GCQ,GCQ,GCQ,GCQ,GCQ,GCQ,GCQ,GCQ,ECQ,GCQ,GCQ,MGCQ,MGCQ,MGCQ,MGCQ,MGCQ,GCQ,4,6,19,171,Friday,2,2,2,1,1,2,1,1,2,2,2,2,2,2,2,2,2,2,2,2,2,2,2,2,2,2,2,2,2,2,2,2,2,2,2,4,2,2,1,1,1,1,1,2,GCQ,2,GCQ,2,GCQ,2,GCQ,2,GCQ,2,MGCQ,1
2020-06-20,False,False,GCQ,GCQ,GCQ,MGCQ,MGCQ,GCQ,MGCQ,MGCQ,GCQ,GCQ,GCQ,GCQ,GCQ,GCQ,GCQ,GCQ,GCQ,GCQ,GCQ,GCQ,GCQ,GCQ,GCQ,GCQ,GCQ,GCQ,GCQ,GCQ,GCQ,GCQ,GCQ,GCQ,GCQ,GCQ,GCQ,ECQ,GCQ,GCQ,MGCQ,MGCQ,MGCQ,MGCQ,MGCQ,GCQ,5,6,20,172,Saturday,2,2,2,1,1,2,1,1,2,2,2,2,2,2,2,2,2,2,2,2,2,2,2,2,2,2,2,2,2,2,2,2,2,2,2,4,2,2,1,1,1,1,1,2,GCQ,2,GCQ,2,GCQ,2,GCQ,2,GCQ,2,MGCQ,1
2020-06-21,False,False,GCQ,GCQ,GCQ,MGCQ,MGCQ,GCQ,MGCQ,MGCQ,GCQ,GCQ,GCQ,GCQ,GCQ,GCQ,GCQ,GCQ,GCQ,GCQ,GCQ,GCQ,GCQ,GCQ,GCQ,GCQ,GCQ,GCQ,GCQ,GCQ,GCQ,GCQ,GCQ,GCQ,GCQ,GCQ,GCQ,ECQ,GCQ,GCQ,MGCQ,MGCQ,MGCQ,MGCQ,MGCQ,GCQ,6,6,21,173,Sunday,2,2,2,1,1,2,1,1,2,2,2,2,2,2,2,2,2,2,2,2,2,2,2,2,2,2,2,2,2,2,2,2,2,2,2,4,2,2,1,1,1,1,1,2,GCQ,2,GCQ,2,GCQ,2,GCQ,2,GCQ,2,MGCQ,1
2020-06-22,False,False,GCQ,GCQ,GCQ,MGCQ,MGCQ,GCQ,MGCQ,MGCQ,GCQ,GCQ,GCQ,GCQ,GCQ,GCQ,GCQ,GCQ,GCQ,GCQ,GCQ,GCQ,GCQ,GCQ,GCQ,GCQ,GCQ,GCQ,GCQ,GCQ,GCQ,GCQ,GCQ,GCQ,GCQ,GCQ,GCQ,ECQ,GCQ,GCQ,MGCQ,MGCQ,MGCQ,MGCQ,MGCQ,GCQ,0,6,22,174,Monday,2,2,2,1,1,2,1,1,2,2,2,2,2,2,2,2,2,2,2,2,2,2,2,2,2,2,2,2,2,2,2,2,2,2,2,4,2,2,1,1,1,1,1,2,GCQ,2,GCQ,2,GCQ,2,GCQ,2,GCQ,2,MGCQ,1
2020-06-23,False,False,GCQ,GCQ,GCQ,MGCQ,MGCQ,GCQ,MGCQ,MGCQ,GCQ,GCQ,GCQ,GCQ,GCQ,GCQ,GCQ,GCQ,GCQ,GCQ,GCQ,GCQ,GCQ,GCQ,GCQ,GCQ,GCQ,GCQ,GCQ,GCQ,GCQ,GCQ,GCQ,GCQ,GCQ,GCQ,GCQ,ECQ,GCQ,GCQ,MGCQ,MGCQ,MGCQ,MGCQ,MGCQ,GCQ,1,6,23,175,Tuesday,2,2,2,1,1,2,1,1,2,2,2,2,2,2,2,2,2,2,2,2,2,2,2,2,2,2,2,2,2,2,2,2,2,2,2,4,2,2,1,1,1,1,1,2,GCQ,2,GCQ,2,GCQ,2,GCQ,2,GCQ,2,MGCQ,1
2020-06-24,False,False,GCQ,GCQ,GCQ,MGCQ,MGCQ,GCQ,MGCQ,MGCQ,GCQ,GCQ,GCQ,GCQ,GCQ,GCQ,GCQ,GCQ,GCQ,GCQ,GCQ,GCQ,GCQ,GCQ,GCQ,GCQ,GCQ,GCQ,GCQ,GCQ,GCQ,GCQ,GCQ,GCQ,GCQ,GCQ,GCQ,ECQ,GCQ,GCQ,MGCQ,MGCQ,MGCQ,MGCQ,MGCQ,GCQ,2,6,24,176,Wednesday,2,2,2,1,1,2,1,1,2,2,2,2,2,2,2,2,2,2,2,2,2,2,2,2,2,2,2,2,2,2,2,2,2,2,2,4,2,2,1,1,1,1,1,2,GCQ,2,GCQ,2,GCQ,2,GCQ,2,GCQ,2,MGCQ,1
2020-06-25,False,False,GCQ,GCQ,GCQ,MGCQ,MGCQ,GCQ,MGCQ,MGCQ,GCQ,GCQ,GCQ,GCQ,GCQ,GCQ,GCQ,GCQ,GCQ,GCQ,GCQ,GCQ,GCQ,GCQ,GCQ,GCQ,GCQ,GCQ,GCQ,GCQ,GCQ,GCQ,GCQ,GCQ,GCQ,GCQ,GCQ,ECQ,GCQ,GCQ,MGCQ,MGCQ,MGCQ,MGCQ,MGCQ,GCQ,3,6,25,177,Thursday,2,2,2,1,1,2,1,1,2,2,2,2,2,2,2,2,2,2,2,2,2,2,2,2,2,2,2,2,2,2,2,2,2,2,2,4,2,2,1,1,1,1,1,2,GCQ,2,GCQ,2,GCQ,2,GCQ,2,GCQ,2,MGCQ,1
2020-06-26,False,False,GCQ,GCQ,GCQ,MGCQ,MGCQ,GCQ,MGCQ,MGCQ,GCQ,GCQ,GCQ,GCQ,GCQ,GCQ,GCQ,GCQ,GCQ,GCQ,GCQ,GCQ,GCQ,GCQ,GCQ,GCQ,GCQ,GCQ,GCQ,GCQ,GCQ,GCQ,GCQ,GCQ,GCQ,GCQ,GCQ,ECQ,GCQ,GCQ,MGCQ,MGCQ,MGCQ,MGCQ,MGCQ,GCQ,4,6,26,178,Friday,2,2,2,1,1,2,1,1,2,2,2,2,2,2,2,2,2,2,2,2,2,2,2,2,2,2,2,2,2,2,2,2,2,2,2,4,2,2,1,1,1,1,1,2,GCQ,2,GCQ,2,GCQ,2,GCQ,2,GCQ,2,MGCQ,1
2020-06-27,False,False,GCQ,GCQ,GCQ,MGCQ,MGCQ,GCQ,MGCQ,MGCQ,GCQ,GCQ,GCQ,GCQ,GCQ,GCQ,GCQ,GCQ,GCQ,GCQ,GCQ,GCQ,GCQ,GCQ,GCQ,GCQ,GCQ,GCQ,GCQ,GCQ,GCQ,GCQ,GCQ,GCQ,GCQ,GCQ,GCQ,ECQ,GCQ,GCQ,MGCQ,MGCQ,MGCQ,MGCQ,MGCQ,GCQ,5,6,27,179,Saturday,2,2,2,1,1,2,1,1,2,2,2,2,2,2,2,2,2,2,2,2,2,2,2,2,2,2,2,2,2,2,2,2,2,2,2,4,2,2,1,1,1,1,1,2,GCQ,2,GCQ,2,GCQ,2,GCQ,2,GCQ,2,MGCQ,1
2020-06-28,False,False,GCQ,GCQ,GCQ,MGCQ,MGCQ,GCQ,MGCQ,MGCQ,GCQ,GCQ,GCQ,GCQ,GCQ,GCQ,GCQ,GCQ,GCQ,GCQ,GCQ,GCQ,GCQ,GCQ,GCQ,GCQ,GCQ,GCQ,GCQ,GCQ,GCQ,GCQ,GCQ,GCQ,GCQ,GCQ,GCQ,ECQ,GCQ,GCQ,MGCQ,MGCQ,MGCQ,MGCQ,MGCQ,GCQ,6,6,28,180,Sunday,2,2,2,1,1,2,1,1,2,2,2,2,2,2,2,2,2,2,2,2,2,2,2,2,2,2,2,2,2,2,2,2,2,2,2,4,2,2,1,1,1,1,1,2,GCQ,2,GCQ,2,GCQ,2,GCQ,2,GCQ,2,MGCQ,1
2020-06-29,False,False,GCQ,GCQ,GCQ,MGCQ,MGCQ,GCQ,MGCQ,MGCQ,GCQ,GCQ,GCQ,GCQ,GCQ,GCQ,GCQ,GCQ,GCQ,GCQ,GCQ,GCQ,GCQ,GCQ,GCQ,GCQ,GCQ,GCQ,GCQ,GCQ,GCQ,GCQ,GCQ,GCQ,GCQ,GCQ,GCQ,ECQ,GCQ,GCQ,MGCQ,MGCQ,MGCQ,MGCQ,MGCQ,GCQ,0,6,29,181,Monday,2,2,2,1,1,2,1,1,2,2,2,2,2,2,2,2,2,2,2,2,2,2,2,2,2,2,2,2,2,2,2,2,2,2,2,4,2,2,1,1,1,1,1,2,GCQ,2,GCQ,2,GCQ,2,GCQ,2,GCQ,2,MGCQ,1
2020-06-30,False,True,GCQ,GCQ,GCQ,MGCQ,MGCQ,GCQ,MGCQ,MGCQ,GCQ,GCQ,GCQ,GCQ,GCQ,GCQ,GCQ,GCQ,GCQ,GCQ,GCQ,GCQ,GCQ,GCQ,GCQ,GCQ,GCQ,GCQ,GCQ,GCQ,GCQ,GCQ,GCQ,GCQ,GCQ,GCQ,GCQ,ECQ,GCQ,GCQ,MGCQ,MGCQ,MGCQ,MGCQ,MGCQ,GCQ,1,6,30,182,Tuesday,2,2,2,1,1,2,1,1,2,2,2,2,2,2,2,2,2,2,2,2,2,2,2,2,2,2,2,2,2,2,2,2,2,2,2,4,2,2,1,1,1,1,1,2,GCQ,2,GCQ,2,GCQ,2,GCQ,2,GCQ,2,MGCQ,1
